Week,Store ID,Product ID,Category,Region,Forecast_Units
2024-01-08,S001,P0001,Toys,East,100.08
2024-01-15,S001,P0001,Toys,East,103.38
2024-01-22,S001,P0001,Toys,East,99.11
2024-01-29,S001,P0001,Toys,East,116.08
2024-02-05,S001,P0001,Toys,East,114.75
2024-02-12,S001,P0001,Toys,East,113.27
2024-02-19,S001,P0001,Toys,East,122.37
2024-02-26,S001,P0001,Toys,East,104.94
2024-01-08,S001,P0002,Furniture,West,145.44
2024-01-15,S001,P0002,Furniture,West,156.78
2024-01-22,S001,P0002,Furniture,West,154.33
2024-01-29,S001,P0002,Furniture,West,125.16
2024-02-05,S001,P0002,Furniture,West,116.13
2024-02-12,S001,P0002,Furniture,West,126.14
2024-02-19,S001,P0002,Furniture,West,121.76
2024-02-26,S001,P0002,Furniture,West,128.56
2024-01-08,S001,P0003,Toys,East,146.97
2024-01-15,S001,P0003,Toys,East,170.88
2024-01-22,S001,P0003,Toys,East,161.86
2024-01-29,S001,P0003,Toys,East,153.15
2024-02-05,S001,P0003,Toys,East,165.61
2024-02-12,S001,P0003,Toys,East,156.38
2024-02-19,S001,P0003,Toys,East,150.49
2024-02-26,S001,P0003,Toys,East,131.55
2024-01-08,S001,P0004,Groceries,West,173.86
2024-01-15,S001,P0004,Groceries,West,166.94
2024-01-22,S001,P0004,Groceries,West,160.93
2024-01-29,S001,P0004,Groceries,West,183.51
2024-02-05,S001,P0004,Groceries,West,176.78
2024-02-12,S001,P0004,Groceries,West,172.61
2024-02-19,S001,P0004,Groceries,West,171.52
2024-02-26,S001,P0004,Groceries,West,199.3
2024-01-08,S001,P0005,Groceries,North,162.14
2024-01-15,S001,P0005,Groceries,North,170.4
2024-01-22,S001,P0005,Groceries,North,192.74
2024-01-29,S001,P0005,Groceries,North,181.13
2024-02-05,S001,P0005,Groceries,North,210.55
2024-02-12,S001,P0005,Groceries,North,198.5
2024-02-19,S001,P0005,Groceries,North,182.86
2024-02-26,S001,P0005,Groceries,North,197.66
2024-01-08,S001,P0006,Electronics,North,182.03
2024-01-15,S001,P0006,Electronics,North,160.34
2024-01-22,S001,P0006,Electronics,North,128.83
2024-01-29,S001,P0006,Electronics,North,119.5
2024-02-05,S001,P0006,Electronics,North,130.87
2024-02-12,S001,P0006,Electronics,North,156.37
2024-02-19,S001,P0006,Electronics,North,182.59
2024-02-26,S001,P0006,Electronics,North,164.89
2024-01-08,S001,P0007,Clothing,East,159.08
2024-01-15,S001,P0007,Clothing,East,167.82
2024-01-22,S001,P0007,Clothing,East,174.58
2024-01-29,S001,P0007,Clothing,East,192.54
2024-02-05,S001,P0007,Clothing,East,186.33
2024-02-12,S001,P0007,Clothing,East,176.54
2024-02-19,S001,P0007,Clothing,East,168.76
2024-02-26,S001,P0007,Clothing,East,198.18
2024-01-08,S001,P0008,Electronics,East,194.98
2024-01-15,S001,P0008,Electronics,East,165.19
2024-01-22,S001,P0008,Electronics,East,150.33
2024-01-29,S001,P0008,Electronics,East,155.8
2024-02-05,S001,P0008,Electronics,East,167.87
2024-02-12,S001,P0008,Electronics,East,164.58
2024-02-19,S001,P0008,Electronics,East,149.74
2024-02-26,S001,P0008,Electronics,East,161.47
2024-01-08,S001,P0009,Electronics,South,134.07
2024-01-15,S001,P0009,Electronics,South,104.49
2024-01-22,S001,P0009,Electronics,South,112.82
2024-01-29,S001,P0009,Electronics,South,124.78
2024-02-05,S001,P0009,Electronics,South,117.1
2024-02-12,S001,P0009,Electronics,South,101.55
2024-02-19,S001,P0009,Electronics,South,115.59
2024-02-26,S001,P0009,Electronics,South,105.1
2024-01-08,S001,P0010,Furniture,West,105.13
2024-01-15,S001,P0010,Furniture,West,127.59
2024-01-22,S001,P0010,Furniture,West,122.63
2024-01-29,S001,P0010,Furniture,West,146.99
2024-02-05,S001,P0010,Furniture,West,116.52
2024-02-12,S001,P0010,Furniture,West,120.13
2024-02-19,S001,P0010,Furniture,West,155.24
2024-02-26,S001,P0010,Furniture,West,104.44
2024-01-08,S001,P0011,Electronics,West,208.52
2024-01-15,S001,P0011,Electronics,West,207.38
2024-01-22,S001,P0011,Electronics,West,187.82
2024-01-29,S001,P0011,Electronics,West,197.57
2024-02-05,S001,P0011,Electronics,West,190.75
2024-02-12,S001,P0011,Electronics,West,186.92
2024-02-19,S001,P0011,Electronics,West,194.73
2024-02-26,S001,P0011,Electronics,West,194.97
2024-01-08,S001,P0012,Electronics,East,188.45
2024-01-15,S001,P0012,Electronics,East,194.37
2024-01-22,S001,P0012,Electronics,East,217.09
2024-01-29,S001,P0012,Electronics,East,180.17
2024-02-05,S001,P0012,Electronics,East,178.32
2024-02-12,S001,P0012,Electronics,East,181.65
2024-02-19,S001,P0012,Electronics,East,176.28
2024-02-26,S001,P0012,Electronics,East,176.05
2024-01-08,S001,P0013,Groceries,North,188.58
2024-01-15,S001,P0013,Groceries,North,202.08
2024-01-22,S001,P0013,Groceries,North,200.4
2024-01-29,S001,P0013,Groceries,North,213.56
2024-02-05,S001,P0013,Groceries,North,211.61
2024-02-12,S001,P0013,Groceries,North,208.86
2024-02-19,S001,P0013,Groceries,North,211.6
2024-02-26,S001,P0013,Groceries,North,211.83
2024-01-08,S001,P0014,Groceries,South,152.34
2024-01-15,S001,P0014,Groceries,South,156.37
2024-01-22,S001,P0014,Groceries,South,160.32
2024-01-29,S001,P0014,Groceries,South,162.47
2024-02-05,S001,P0014,Groceries,South,156.6
2024-02-12,S001,P0014,Groceries,South,159.49
2024-02-19,S001,P0014,Groceries,South,158.82
2024-02-26,S001,P0014,Groceries,South,160.27
2024-01-08,S001,P0015,Electronics,East,131.17
2024-01-15,S001,P0015,Electronics,East,136.44
2024-01-22,S001,P0015,Electronics,East,146.21
2024-01-29,S001,P0015,Electronics,East,145.45
2024-02-05,S001,P0015,Electronics,East,147.65
2024-02-12,S001,P0015,Electronics,East,140.98
2024-02-19,S001,P0015,Electronics,East,140.46
2024-02-26,S001,P0015,Electronics,East,154.5
2024-01-08,S001,P0016,Electronics,East,127.24
2024-01-15,S001,P0016,Electronics,East,109.87
2024-01-22,S001,P0016,Electronics,East,115.74
2024-01-29,S001,P0016,Electronics,East,106.68
2024-02-05,S001,P0016,Electronics,East,101.48
2024-02-12,S001,P0016,Electronics,East,102.46
2024-02-19,S001,P0016,Electronics,East,103.43
2024-02-26,S001,P0016,Electronics,East,106.03
2024-01-08,S001,P0017,Toys,East,154.92
2024-01-15,S001,P0017,Toys,East,171.23
2024-01-22,S001,P0017,Toys,East,172.34
2024-01-29,S001,P0017,Toys,East,167.65
2024-02-05,S001,P0017,Toys,East,149.78
2024-02-12,S001,P0017,Toys,East,159.14
2024-02-19,S001,P0017,Toys,East,147.59
2024-02-26,S001,P0017,Toys,East,159.92
2024-01-08,S001,P0018,Electronics,East,111.47
2024-01-15,S001,P0018,Electronics,East,118.95
2024-01-22,S001,P0018,Electronics,East,99.24
2024-01-29,S001,P0018,Electronics,East,122.0
2024-02-05,S001,P0018,Electronics,East,119.39
2024-02-12,S001,P0018,Electronics,East,146.62
2024-02-19,S001,P0018,Electronics,East,101.01
2024-02-26,S001,P0018,Electronics,East,103.08
2024-01-08,S001,P0019,Clothing,West,112.42
2024-01-15,S001,P0019,Clothing,West,118.64
2024-01-22,S001,P0019,Clothing,West,147.89
2024-01-29,S001,P0019,Clothing,West,137.56
2024-02-05,S001,P0019,Clothing,West,109.29
2024-02-12,S001,P0019,Clothing,West,110.1
2024-02-19,S001,P0019,Clothing,West,109.56
2024-02-26,S001,P0019,Clothing,West,104.31
2024-01-08,S001,P0020,Electronics,South,109.19
2024-01-15,S001,P0020,Electronics,South,142.44
2024-01-22,S001,P0020,Electronics,South,124.78
2024-01-29,S001,P0020,Electronics,South,161.0
2024-02-05,S001,P0020,Electronics,South,155.75
2024-02-12,S001,P0020,Electronics,South,136.3
2024-02-19,S001,P0020,Electronics,South,106.77
2024-02-26,S001,P0020,Electronics,South,123.88
2024-01-08,S002,P0001,Clothing,East,200.4
2024-01-15,S002,P0001,Clothing,East,206.65
2024-01-22,S002,P0001,Clothing,East,190.87
2024-01-29,S002,P0001,Clothing,East,185.53
2024-02-05,S002,P0001,Clothing,East,197.71
2024-02-12,S002,P0001,Clothing,East,198.81
2024-02-19,S002,P0001,Clothing,East,201.36
2024-02-26,S002,P0001,Clothing,East,204.62
2024-01-08,S002,P0002,Groceries,North,162.53
2024-01-15,S002,P0002,Groceries,North,164.69
2024-01-22,S002,P0002,Groceries,North,167.32
2024-01-29,S002,P0002,Groceries,North,182.66
2024-02-05,S002,P0002,Groceries,North,202.88
2024-02-12,S002,P0002,Groceries,North,189.95
2024-02-19,S002,P0002,Groceries,North,187.34
2024-02-26,S002,P0002,Groceries,North,195.97
2024-01-08,S002,P0003,Clothing,South,173.77
2024-01-15,S002,P0003,Clothing,South,166.02
2024-01-22,S002,P0003,Clothing,South,169.36
2024-01-29,S002,P0003,Clothing,South,122.3
2024-02-05,S002,P0003,Clothing,South,119.8
2024-02-12,S002,P0003,Clothing,South,123.69
2024-02-19,S002,P0003,Clothing,South,161.76
2024-02-26,S002,P0003,Clothing,South,174.26
2024-01-08,S002,P0004,Toys,West,164.16
2024-01-15,S002,P0004,Toys,West,155.64
2024-01-22,S002,P0004,Toys,West,164.57
2024-01-29,S002,P0004,Toys,West,167.86
2024-02-05,S002,P0004,Toys,West,121.13
2024-02-12,S002,P0004,Toys,West,153.37
2024-02-19,S002,P0004,Toys,West,150.67
2024-02-26,S002,P0004,Toys,West,144.67
2024-01-08,S002,P0005,Toys,West,147.97
2024-01-15,S002,P0005,Toys,West,151.66
2024-01-22,S002,P0005,Toys,West,175.32
2024-01-29,S002,P0005,Toys,West,172.73
2024-02-05,S002,P0005,Toys,West,180.04
2024-02-12,S002,P0005,Toys,West,177.41
2024-02-19,S002,P0005,Toys,West,180.43
2024-02-26,S002,P0005,Toys,West,176.72
2024-01-08,S002,P0006,Toys,East,144.08
2024-01-15,S002,P0006,Toys,East,139.69
2024-01-22,S002,P0006,Toys,East,132.85
2024-01-29,S002,P0006,Toys,East,123.24
2024-02-05,S002,P0006,Toys,East,121.88
2024-02-12,S002,P0006,Toys,East,116.97
2024-02-19,S002,P0006,Toys,East,146.19
2024-02-26,S002,P0006,Toys,East,127.1
2024-01-08,S002,P0007,Toys,West,149.28
2024-01-15,S002,P0007,Toys,West,143.91
2024-01-22,S002,P0007,Toys,West,112.16
2024-01-29,S002,P0007,Toys,West,141.27
2024-02-05,S002,P0007,Toys,West,140.15
2024-02-12,S002,P0007,Toys,West,122.62
2024-02-19,S002,P0007,Toys,West,109.2
2024-02-26,S002,P0007,Toys,West,98.28
2024-01-08,S002,P0008,Furniture,North,175.96
2024-01-15,S002,P0008,Furniture,North,162.38
2024-01-22,S002,P0008,Furniture,North,153.31
2024-01-29,S002,P0008,Furniture,North,155.62
2024-02-05,S002,P0008,Furniture,North,168.86
2024-02-12,S002,P0008,Furniture,North,166.49
2024-02-19,S002,P0008,Furniture,North,172.17
2024-02-26,S002,P0008,Furniture,North,162.57
2024-01-08,S002,P0009,Electronics,North,161.59
2024-01-15,S002,P0009,Electronics,North,150.97
2024-01-22,S002,P0009,Electronics,North,164.5
2024-01-29,S002,P0009,Electronics,North,159.85
2024-02-05,S002,P0009,Electronics,North,189.66
2024-02-12,S002,P0009,Electronics,North,163.33
2024-02-19,S002,P0009,Electronics,North,157.32
2024-02-26,S002,P0009,Electronics,North,152.44
2024-01-08,S002,P0010,Toys,West,145.53
2024-01-15,S002,P0010,Toys,West,144.18
2024-01-22,S002,P0010,Toys,West,150.13
2024-01-29,S002,P0010,Toys,West,149.98
2024-02-05,S002,P0010,Toys,West,155.0
2024-02-12,S002,P0010,Toys,West,164.04
2024-02-19,S002,P0010,Toys,West,178.84
2024-02-26,S002,P0010,Toys,West,163.6
2024-01-08,S002,P0011,Groceries,West,131.14
2024-01-15,S002,P0011,Groceries,West,125.34
2024-01-22,S002,P0011,Groceries,West,123.48
2024-01-29,S002,P0011,Groceries,West,115.32
2024-02-05,S002,P0011,Groceries,West,121.33
2024-02-12,S002,P0011,Groceries,West,152.36
2024-02-19,S002,P0011,Groceries,West,154.98
2024-02-26,S002,P0011,Groceries,West,123.38
2024-01-08,S002,P0012,Electronics,North,141.46
2024-01-15,S002,P0012,Electronics,North,118.15
2024-01-22,S002,P0012,Electronics,North,132.72
2024-01-29,S002,P0012,Electronics,North,107.16
2024-02-05,S002,P0012,Electronics,North,123.9
2024-02-12,S002,P0012,Electronics,North,105.54
2024-02-19,S002,P0012,Electronics,North,112.4
2024-02-26,S002,P0012,Electronics,North,121.07
2024-01-08,S002,P0013,Electronics,South,178.53
2024-01-15,S002,P0013,Electronics,South,191.59
2024-01-22,S002,P0013,Electronics,South,184.02
2024-01-29,S002,P0013,Electronics,South,185.59
2024-02-05,S002,P0013,Electronics,South,185.55
2024-02-12,S002,P0013,Electronics,South,191.8
2024-02-19,S002,P0013,Electronics,South,187.13
2024-02-26,S002,P0013,Electronics,South,189.39
2024-01-08,S002,P0014,Clothing,West,142.95
2024-01-15,S002,P0014,Clothing,West,138.35
2024-01-22,S002,P0014,Clothing,West,135.16
2024-01-29,S002,P0014,Clothing,West,117.81
2024-02-05,S002,P0014,Clothing,West,117.52
2024-02-12,S002,P0014,Clothing,West,150.44
2024-02-19,S002,P0014,Clothing,West,143.07
2024-02-26,S002,P0014,Clothing,West,162.9
2024-01-08,S002,P0015,Toys,South,143.63
2024-01-15,S002,P0015,Toys,South,139.11
2024-01-22,S002,P0015,Toys,South,149.55
2024-01-29,S002,P0015,Toys,South,163.79
2024-02-05,S002,P0015,Toys,South,140.1
2024-02-12,S002,P0015,Toys,South,160.04
2024-02-19,S002,P0015,Toys,South,167.99
2024-02-26,S002,P0015,Toys,South,165.92
2024-01-08,S002,P0016,Toys,North,185.76
2024-01-15,S002,P0016,Toys,North,167.61
2024-01-22,S002,P0016,Toys,North,187.57
2024-01-29,S002,P0016,Toys,North,176.29
2024-02-05,S002,P0016,Toys,North,194.31
2024-02-12,S002,P0016,Toys,North,180.61
2024-02-19,S002,P0016,Toys,North,190.62
2024-02-26,S002,P0016,Toys,North,177.55
2024-01-08,S002,P0017,Toys,East,145.76
2024-01-15,S002,P0017,Toys,East,147.37
2024-01-22,S002,P0017,Toys,East,143.72
2024-01-29,S002,P0017,Toys,East,152.08
2024-02-05,S002,P0017,Toys,East,167.36
2024-02-12,S002,P0017,Toys,East,171.77
2024-02-19,S002,P0017,Toys,East,164.04
2024-02-26,S002,P0017,Toys,East,157.41
2024-01-08,S002,P0018,Groceries,East,172.06
2024-01-15,S002,P0018,Groceries,East,167.14
2024-01-22,S002,P0018,Groceries,East,172.77
2024-01-29,S002,P0018,Groceries,East,202.0
2024-02-05,S002,P0018,Groceries,East,176.82
2024-02-12,S002,P0018,Groceries,East,167.21
2024-02-19,S002,P0018,Groceries,East,154.95
2024-02-26,S002,P0018,Groceries,East,154.65
2024-01-08,S002,P0019,Furniture,West,165.64
2024-01-15,S002,P0019,Furniture,West,179.84
2024-01-22,S002,P0019,Furniture,West,189.23
2024-01-29,S002,P0019,Furniture,West,199.76
2024-02-05,S002,P0019,Furniture,West,195.96
2024-02-12,S002,P0019,Furniture,West,195.56
2024-02-19,S002,P0019,Furniture,West,223.04
2024-02-26,S002,P0019,Furniture,West,222.92
2024-01-08,S002,P0020,Groceries,East,196.73
2024-01-15,S002,P0020,Groceries,East,276.32
2024-01-22,S002,P0020,Groceries,East,199.08
2024-01-29,S002,P0020,Groceries,East,204.7
2024-02-05,S002,P0020,Groceries,East,272.7
2024-02-12,S002,P0020,Groceries,East,199.21
2024-02-19,S002,P0020,Groceries,East,181.5
2024-02-26,S002,P0020,Groceries,East,186.74
2024-01-08,S003,P0001,Clothing,West,203.24
2024-01-15,S003,P0001,Clothing,West,193.1
2024-01-22,S003,P0001,Clothing,West,188.95
2024-01-29,S003,P0001,Clothing,West,191.1
2024-02-05,S003,P0001,Clothing,West,170.2
2024-02-12,S003,P0001,Clothing,West,163.58
2024-02-19,S003,P0001,Clothing,West,163.68
2024-02-26,S003,P0001,Clothing,West,158.0
2024-01-08,S003,P0002,Groceries,South,208.14
2024-01-15,S003,P0002,Groceries,South,218.67
2024-01-22,S003,P0002,Groceries,South,223.54
2024-01-29,S003,P0002,Groceries,South,245.13
2024-02-05,S003,P0002,Groceries,South,242.02
2024-02-12,S003,P0002,Groceries,South,234.48
2024-02-19,S003,P0002,Groceries,South,222.35
2024-02-26,S003,P0002,Groceries,South,237.22
2024-01-08,S003,P0003,Groceries,North,108.71
2024-01-15,S003,P0003,Groceries,North,106.79
2024-01-22,S003,P0003,Groceries,North,104.55
2024-01-29,S003,P0003,Groceries,North,88.01
2024-02-05,S003,P0003,Groceries,North,90.38
2024-02-12,S003,P0003,Groceries,North,108.01
2024-02-19,S003,P0003,Groceries,North,107.1
2024-02-26,S003,P0003,Groceries,North,114.87
2024-01-08,S003,P0004,Groceries,North,135.83
2024-01-15,S003,P0004,Groceries,North,155.04
2024-01-22,S003,P0004,Groceries,North,148.48
2024-01-29,S003,P0004,Groceries,North,179.02
2024-02-05,S003,P0004,Groceries,North,187.01
2024-02-12,S003,P0004,Groceries,North,148.0
2024-02-19,S003,P0004,Groceries,North,150.57
2024-02-26,S003,P0004,Groceries,North,161.84
2024-01-08,S003,P0005,Electronics,West,175.72
2024-01-15,S003,P0005,Electronics,West,196.0
2024-01-22,S003,P0005,Electronics,West,187.49
2024-01-29,S003,P0005,Electronics,West,169.61
2024-02-05,S003,P0005,Electronics,West,178.69
2024-02-12,S003,P0005,Electronics,West,196.57
2024-02-19,S003,P0005,Electronics,West,185.84
2024-02-26,S003,P0005,Electronics,West,192.18
2024-01-08,S003,P0006,Furniture,North,203.25
2024-01-15,S003,P0006,Furniture,North,211.81
2024-01-22,S003,P0006,Furniture,North,194.55
2024-01-29,S003,P0006,Furniture,North,196.09
2024-02-05,S003,P0006,Furniture,North,208.02
2024-02-12,S003,P0006,Furniture,North,212.81
2024-02-19,S003,P0006,Furniture,North,204.52
2024-02-26,S003,P0006,Furniture,North,208.88
2024-01-08,S003,P0007,Electronics,North,161.02
2024-01-15,S003,P0007,Electronics,North,151.8
2024-01-22,S003,P0007,Electronics,North,156.63
2024-01-29,S003,P0007,Electronics,North,154.92
2024-02-05,S003,P0007,Electronics,North,149.09
2024-02-12,S003,P0007,Electronics,North,158.55
2024-02-19,S003,P0007,Electronics,North,162.98
2024-02-26,S003,P0007,Electronics,North,138.49
2024-01-08,S003,P0008,Furniture,North,108.1
2024-01-15,S003,P0008,Furniture,North,103.18
2024-01-22,S003,P0008,Furniture,North,106.93
2024-01-29,S003,P0008,Furniture,North,103.83
2024-02-05,S003,P0008,Furniture,North,113.39
2024-02-12,S003,P0008,Furniture,North,110.61
2024-02-19,S003,P0008,Furniture,North,114.36
2024-02-26,S003,P0008,Furniture,North,109.5
2024-01-08,S003,P0009,Furniture,South,173.97
2024-01-15,S003,P0009,Furniture,South,172.57
2024-01-22,S003,P0009,Furniture,South,172.65
2024-01-29,S003,P0009,Furniture,South,162.31
2024-02-05,S003,P0009,Furniture,South,158.85
2024-02-12,S003,P0009,Furniture,South,172.21
2024-02-19,S003,P0009,Furniture,South,171.4
2024-02-26,S003,P0009,Furniture,South,201.19
2024-01-08,S003,P0010,Furniture,East,136.6
2024-01-15,S003,P0010,Furniture,East,121.27
2024-01-22,S003,P0010,Furniture,East,114.09
2024-01-29,S003,P0010,Furniture,East,141.21
2024-02-05,S003,P0010,Furniture,East,165.15
2024-02-12,S003,P0010,Furniture,East,172.61
2024-02-19,S003,P0010,Furniture,East,153.94
2024-02-26,S003,P0010,Furniture,East,160.84
2024-01-08,S003,P0011,Toys,West,141.59
2024-01-15,S003,P0011,Toys,West,113.25
2024-01-22,S003,P0011,Toys,West,116.43
2024-01-29,S003,P0011,Toys,West,110.78
2024-02-05,S003,P0011,Toys,West,106.23
2024-02-12,S003,P0011,Toys,West,106.93
2024-02-19,S003,P0011,Toys,West,114.06
2024-02-26,S003,P0011,Toys,West,136.43
2024-01-08,S003,P0012,Clothing,North,101.28
2024-01-15,S003,P0012,Clothing,North,102.96
2024-01-22,S003,P0012,Clothing,North,105.78
2024-01-29,S003,P0012,Clothing,North,98.3
2024-02-05,S003,P0012,Clothing,North,108.53
2024-02-12,S003,P0012,Clothing,North,104.79
2024-02-19,S003,P0012,Clothing,North,101.01
2024-02-26,S003,P0012,Clothing,North,95.37
2024-01-08,S003,P0013,Groceries,West,181.64
2024-01-15,S003,P0013,Groceries,West,142.85
2024-01-22,S003,P0013,Groceries,West,155.48
2024-01-29,S003,P0013,Groceries,West,191.7
2024-02-05,S003,P0013,Groceries,West,165.25
2024-02-12,S003,P0013,Groceries,West,158.52
2024-02-19,S003,P0013,Groceries,West,174.73
2024-02-26,S003,P0013,Groceries,West,160.34
2024-01-08,S003,P0014,Electronics,West,183.87
2024-01-15,S003,P0014,Electronics,West,191.64
2024-01-22,S003,P0014,Electronics,West,200.0
2024-01-29,S003,P0014,Electronics,West,196.73
2024-02-05,S003,P0014,Electronics,West,188.14
2024-02-12,S003,P0014,Electronics,West,183.49
2024-02-19,S003,P0014,Electronics,West,195.13
2024-02-26,S003,P0014,Electronics,West,195.71
2024-01-08,S003,P0015,Clothing,East,151.03
2024-01-15,S003,P0015,Clothing,East,173.72
2024-01-22,S003,P0015,Clothing,East,174.17
2024-01-29,S003,P0015,Clothing,East,182.17
2024-02-05,S003,P0015,Clothing,East,159.64
2024-02-12,S003,P0015,Clothing,East,155.81
2024-02-19,S003,P0015,Clothing,East,158.66
2024-02-26,S003,P0015,Clothing,East,164.06
2024-01-08,S003,P0016,Furniture,East,122.27
2024-01-15,S003,P0016,Furniture,East,123.3
2024-01-22,S003,P0016,Furniture,East,105.27
2024-01-29,S003,P0016,Furniture,East,110.18
2024-02-05,S003,P0016,Furniture,East,130.67
2024-02-12,S003,P0016,Furniture,East,145.62
2024-02-19,S003,P0016,Furniture,East,144.29
2024-02-26,S003,P0016,Furniture,East,112.33
2024-01-08,S003,P0017,Clothing,North,191.5
2024-01-15,S003,P0017,Clothing,North,202.75
2024-01-22,S003,P0017,Clothing,North,201.05
2024-01-29,S003,P0017,Clothing,North,203.16
2024-02-05,S003,P0017,Clothing,North,185.56
2024-02-12,S003,P0017,Clothing,North,195.37
2024-02-19,S003,P0017,Clothing,North,166.25
2024-02-26,S003,P0017,Clothing,North,175.37
2024-01-08,S003,P0018,Electronics,North,89.39
2024-01-15,S003,P0018,Electronics,North,89.9
2024-01-22,S003,P0018,Electronics,North,85.21
2024-01-29,S003,P0018,Electronics,North,79.64
2024-02-05,S003,P0018,Electronics,North,84.5
2024-02-12,S003,P0018,Electronics,North,85.48
2024-02-19,S003,P0018,Electronics,North,99.52
2024-02-26,S003,P0018,Electronics,North,92.49
2024-01-08,S003,P0019,Electronics,West,198.42
2024-01-15,S003,P0019,Electronics,West,175.62
2024-01-22,S003,P0019,Electronics,West,195.29
2024-01-29,S003,P0019,Electronics,West,186.59
2024-02-05,S003,P0019,Electronics,West,186.4
2024-02-12,S003,P0019,Electronics,West,178.69
2024-02-19,S003,P0019,Electronics,West,176.93
2024-02-26,S003,P0019,Electronics,West,182.49
2024-01-08,S003,P0020,Groceries,West,108.05
2024-01-15,S003,P0020,Groceries,West,103.24
2024-01-22,S003,P0020,Groceries,West,124.23
2024-01-29,S003,P0020,Groceries,West,147.91
2024-02-05,S003,P0020,Groceries,West,168.2
2024-02-12,S003,P0020,Groceries,West,165.81
2024-02-19,S003,P0020,Groceries,West,171.12
2024-02-26,S003,P0020,Groceries,West,173.57
2024-01-08,S004,P0001,Electronics,East,127.66
2024-01-15,S004,P0001,Electronics,East,145.09
2024-01-22,S004,P0001,Electronics,East,135.16
2024-01-29,S004,P0001,Electronics,East,131.64
2024-02-05,S004,P0001,Electronics,East,166.68
2024-02-12,S004,P0001,Electronics,East,172.61
2024-02-19,S004,P0001,Electronics,East,197.27
2024-02-26,S004,P0001,Electronics,East,181.5
2024-01-08,S004,P0002,Furniture,West,174.72
2024-01-15,S004,P0002,Furniture,West,164.85
2024-01-22,S004,P0002,Furniture,West,154.98
2024-01-29,S004,P0002,Furniture,West,158.15
2024-02-05,S004,P0002,Furniture,West,164.42
2024-02-12,S004,P0002,Furniture,West,158.42
2024-02-19,S004,P0002,Furniture,West,170.23
2024-02-26,S004,P0002,Furniture,West,158.53
2024-01-08,S004,P0003,Furniture,West,160.41
2024-01-15,S004,P0003,Furniture,West,181.4
2024-01-22,S004,P0003,Furniture,West,162.48
2024-01-29,S004,P0003,Furniture,West,157.74
2024-02-05,S004,P0003,Furniture,West,162.93
2024-02-12,S004,P0003,Furniture,West,144.08
2024-02-19,S004,P0003,Furniture,West,163.08
2024-02-26,S004,P0003,Furniture,West,167.06
2024-01-08,S004,P0004,Furniture,South,102.7
2024-01-15,S004,P0004,Furniture,South,107.58
2024-01-22,S004,P0004,Furniture,South,101.85
2024-01-29,S004,P0004,Furniture,South,91.98
2024-02-05,S004,P0004,Furniture,South,91.7
2024-02-12,S004,P0004,Furniture,South,81.91
2024-02-19,S004,P0004,Furniture,South,85.09
2024-02-26,S004,P0004,Furniture,South,92.91
2024-01-08,S004,P0005,Toys,East,176.98
2024-01-15,S004,P0005,Toys,East,167.96
2024-01-22,S004,P0005,Toys,East,165.18
2024-01-29,S004,P0005,Toys,East,160.59
2024-02-05,S004,P0005,Toys,East,152.92
2024-02-12,S004,P0005,Toys,East,188.31
2024-02-19,S004,P0005,Toys,East,160.44
2024-02-26,S004,P0005,Toys,East,165.31
2024-01-08,S004,P0006,Toys,East,184.14
2024-01-15,S004,P0006,Toys,East,173.86
2024-01-22,S004,P0006,Toys,East,160.79
2024-01-29,S004,P0006,Toys,East,171.18
2024-02-05,S004,P0006,Toys,East,185.83
2024-02-12,S004,P0006,Toys,East,185.58
2024-02-19,S004,P0006,Toys,East,195.5
2024-02-26,S004,P0006,Toys,East,194.53
2024-01-08,S004,P0007,Electronics,South,164.43
2024-01-15,S004,P0007,Electronics,South,141.64
2024-01-22,S004,P0007,Electronics,South,119.42
2024-01-29,S004,P0007,Electronics,South,120.69
2024-02-05,S004,P0007,Electronics,South,157.84
2024-02-12,S004,P0007,Electronics,South,120.0
2024-02-19,S004,P0007,Electronics,South,109.61
2024-02-26,S004,P0007,Electronics,South,117.25
2024-01-08,S004,P0008,Furniture,West,165.49
2024-01-15,S004,P0008,Furniture,West,155.39
2024-01-22,S004,P0008,Furniture,West,175.94
2024-01-29,S004,P0008,Furniture,West,172.85
2024-02-05,S004,P0008,Furniture,West,178.05
2024-02-12,S004,P0008,Furniture,West,187.68
2024-02-19,S004,P0008,Furniture,West,185.68
2024-02-26,S004,P0008,Furniture,West,194.47
2024-01-08,S004,P0009,Clothing,East,113.22
2024-01-15,S004,P0009,Clothing,East,119.56
2024-01-22,S004,P0009,Clothing,East,121.69
2024-01-29,S004,P0009,Clothing,East,148.55
2024-02-05,S004,P0009,Clothing,East,126.16
2024-02-12,S004,P0009,Clothing,East,112.89
2024-02-19,S004,P0009,Clothing,East,123.47
2024-02-26,S004,P0009,Clothing,East,103.15
2024-01-08,S004,P0010,Toys,North,149.22
2024-01-15,S004,P0010,Toys,North,146.26
2024-01-22,S004,P0010,Toys,North,148.07
2024-01-29,S004,P0010,Toys,North,178.69
2024-02-05,S004,P0010,Toys,North,155.51
2024-02-12,S004,P0010,Toys,North,173.32
2024-02-19,S004,P0010,Toys,North,203.59
2024-02-26,S004,P0010,Toys,North,173.97
2024-01-08,S004,P0011,Groceries,East,176.56
2024-01-15,S004,P0011,Groceries,East,152.53
2024-01-22,S004,P0011,Groceries,East,150.8
2024-01-29,S004,P0011,Groceries,East,158.75
2024-02-05,S004,P0011,Groceries,East,156.6
2024-02-12,S004,P0011,Groceries,East,152.68
2024-02-19,S004,P0011,Groceries,East,139.2
2024-02-26,S004,P0011,Groceries,East,143.03
2024-01-08,S004,P0012,Clothing,East,127.01
2024-01-15,S004,P0012,Clothing,East,110.3
2024-01-22,S004,P0012,Clothing,East,105.98
2024-01-29,S004,P0012,Clothing,East,97.28
2024-02-05,S004,P0012,Clothing,East,99.64
2024-02-12,S004,P0012,Clothing,East,108.64
2024-02-19,S004,P0012,Clothing,East,107.94
2024-02-26,S004,P0012,Clothing,East,103.0
2024-01-08,S004,P0013,Electronics,West,101.61
2024-01-15,S004,P0013,Electronics,West,102.3
2024-01-22,S004,P0013,Electronics,West,103.02
2024-01-29,S004,P0013,Electronics,West,104.54
2024-02-05,S004,P0013,Electronics,West,111.16
2024-02-12,S004,P0013,Electronics,West,106.19
2024-02-19,S004,P0013,Electronics,West,105.15
2024-02-26,S004,P0013,Electronics,West,96.95
2024-01-08,S004,P0014,Furniture,South,154.03
2024-01-15,S004,P0014,Furniture,South,151.65
2024-01-22,S004,P0014,Furniture,South,147.53
2024-01-29,S004,P0014,Furniture,South,120.72
2024-02-05,S004,P0014,Furniture,South,158.64
2024-02-12,S004,P0014,Furniture,South,164.69
2024-02-19,S004,P0014,Furniture,South,147.16
2024-02-26,S004,P0014,Furniture,South,152.55
2024-01-08,S004,P0015,Toys,North,123.04
2024-01-15,S004,P0015,Toys,North,155.85
2024-01-22,S004,P0015,Toys,North,148.7
2024-01-29,S004,P0015,Toys,North,148.93
2024-02-05,S004,P0015,Toys,North,157.42
2024-02-12,S004,P0015,Toys,North,259.6
2024-02-19,S004,P0015,Toys,North,117.75
2024-02-26,S004,P0015,Toys,North,139.38
2024-01-08,S004,P0016,Clothing,West,148.9
2024-01-15,S004,P0016,Clothing,West,147.72
2024-01-22,S004,P0016,Clothing,West,161.62
2024-01-29,S004,P0016,Clothing,West,164.62
2024-02-05,S004,P0016,Clothing,West,163.96
2024-02-12,S004,P0016,Clothing,West,164.0
2024-02-19,S004,P0016,Clothing,West,159.13
2024-02-26,S004,P0016,Clothing,West,164.27
2024-01-08,S004,P0017,Electronics,North,172.11
2024-01-15,S004,P0017,Electronics,North,185.35
2024-01-22,S004,P0017,Electronics,North,176.55
2024-01-29,S004,P0017,Electronics,North,168.51
2024-02-05,S004,P0017,Electronics,North,200.01
2024-02-12,S004,P0017,Electronics,North,176.5
2024-02-19,S004,P0017,Electronics,North,174.65
2024-02-26,S004,P0017,Electronics,North,154.16
2024-01-08,S004,P0018,Toys,North,109.72
2024-01-15,S004,P0018,Toys,North,106.22
2024-01-22,S004,P0018,Toys,North,116.38
2024-01-29,S004,P0018,Toys,North,104.71
2024-02-05,S004,P0018,Toys,North,107.53
2024-02-12,S004,P0018,Toys,North,103.36
2024-02-19,S004,P0018,Toys,North,107.13
2024-02-26,S004,P0018,Toys,North,110.98
2024-01-08,S004,P0019,Clothing,East,146.38
2024-01-15,S004,P0019,Clothing,East,150.69
2024-01-22,S004,P0019,Clothing,East,144.15
2024-01-29,S004,P0019,Clothing,East,152.27
2024-02-05,S004,P0019,Clothing,East,164.57
2024-02-12,S004,P0019,Clothing,East,159.19
2024-02-19,S004,P0019,Clothing,East,148.2
2024-02-26,S004,P0019,Clothing,East,139.69
2024-01-08,S004,P0020,Toys,West,192.27
2024-01-15,S004,P0020,Toys,West,177.12
2024-01-22,S004,P0020,Toys,West,206.54
2024-01-29,S004,P0020,Toys,West,177.34
2024-02-05,S004,P0020,Toys,West,155.55
2024-02-12,S004,P0020,Toys,West,166.88
2024-02-19,S004,P0020,Toys,West,170.39
2024-02-26,S004,P0020,Toys,West,172.68
2024-01-08,S005,P0001,Toys,North,167.08
2024-01-15,S005,P0001,Toys,North,160.17
2024-01-22,S005,P0001,Toys,North,117.32
2024-01-29,S005,P0001,Toys,North,161.97
2024-02-05,S005,P0001,Toys,North,149.27
2024-02-12,S005,P0001,Toys,North,125.07
2024-02-19,S005,P0001,Toys,North,144.14
2024-02-26,S005,P0001,Toys,North,154.66
2024-01-08,S005,P0002,Groceries,North,151.38
2024-01-15,S005,P0002,Groceries,North,141.09
2024-01-22,S005,P0002,Groceries,North,144.0
2024-01-29,S005,P0002,Groceries,North,147.65
2024-02-05,S005,P0002,Groceries,North,152.48
2024-02-12,S005,P0002,Groceries,North,133.1
2024-02-19,S005,P0002,Groceries,North,139.79
2024-02-26,S005,P0002,Groceries,North,143.04
2024-01-08,S005,P0003,Furniture,South,171.33
2024-01-15,S005,P0003,Furniture,South,209.57
2024-01-22,S005,P0003,Furniture,South,193.48
2024-01-29,S005,P0003,Furniture,South,177.14
2024-02-05,S005,P0003,Furniture,South,172.59
2024-02-12,S005,P0003,Furniture,South,175.52
2024-02-19,S005,P0003,Furniture,South,166.0
2024-02-26,S005,P0003,Furniture,South,177.04
2024-01-08,S005,P0004,Toys,North,107.14
2024-01-15,S005,P0004,Toys,North,101.66
2024-01-22,S005,P0004,Toys,North,99.87
2024-01-29,S005,P0004,Toys,North,87.45
2024-02-05,S005,P0004,Toys,North,90.04
2024-02-12,S005,P0004,Toys,North,99.89
2024-02-19,S005,P0004,Toys,North,90.04
2024-02-26,S005,P0004,Toys,North,104.31
2024-01-08,S005,P0005,Toys,South,197.32
2024-01-15,S005,P0005,Toys,South,194.85
2024-01-22,S005,P0005,Toys,South,148.02
2024-01-29,S005,P0005,Toys,South,180.03
2024-02-05,S005,P0005,Toys,South,170.7
2024-02-12,S005,P0005,Toys,South,185.35
2024-02-19,S005,P0005,Toys,South,180.98
2024-02-26,S005,P0005,Toys,South,173.17
2024-01-08,S005,P0006,Furniture,North,173.86
2024-01-15,S005,P0006,Furniture,North,171.32
2024-01-22,S005,P0006,Furniture,North,172.61
2024-01-29,S005,P0006,Furniture,North,170.51
2024-02-05,S005,P0006,Furniture,North,172.43
2024-02-12,S005,P0006,Furniture,North,202.46
2024-02-19,S005,P0006,Furniture,North,215.61
2024-02-26,S005,P0006,Furniture,North,201.21
2024-01-08,S005,P0007,Groceries,South,200.2
2024-01-15,S005,P0007,Groceries,South,188.08
2024-01-22,S005,P0007,Groceries,South,178.96
2024-01-29,S005,P0007,Groceries,South,175.01
2024-02-05,S005,P0007,Groceries,South,189.02
2024-02-12,S005,P0007,Groceries,South,177.31
2024-02-19,S005,P0007,Groceries,South,167.01
2024-02-26,S005,P0007,Groceries,South,160.56
2024-01-08,S005,P0008,Electronics,West,210.85
2024-01-15,S005,P0008,Electronics,West,183.58
2024-01-22,S005,P0008,Electronics,West,196.81
2024-01-29,S005,P0008,Electronics,West,205.07
2024-02-05,S005,P0008,Electronics,West,200.47
2024-02-12,S005,P0008,Electronics,West,194.05
2024-02-19,S005,P0008,Electronics,West,198.2
2024-02-26,S005,P0008,Electronics,West,198.41
2024-01-08,S005,P0009,Furniture,North,142.58
2024-01-15,S005,P0009,Furniture,North,160.2
2024-01-22,S005,P0009,Furniture,North,173.76
2024-01-29,S005,P0009,Furniture,North,183.21
2024-02-05,S005,P0009,Furniture,North,174.44
2024-02-12,S005,P0009,Furniture,North,167.03
2024-02-19,S005,P0009,Furniture,North,174.1
2024-02-26,S005,P0009,Furniture,North,160.33
2024-01-08,S005,P0010,Toys,North,280.99
2024-01-15,S005,P0010,Toys,North,277.61
2024-01-22,S005,P0010,Toys,North,277.3
2024-01-29,S005,P0010,Toys,North,294.26
2024-02-05,S005,P0010,Toys,North,170.04
2024-02-12,S005,P0010,Toys,North,154.7
2024-02-19,S005,P0010,Toys,North,285.8
2024-02-26,S005,P0010,Toys,North,163.69
2024-01-08,S005,P0011,Groceries,North,111.46
2024-01-15,S005,P0011,Groceries,North,128.99
2024-01-22,S005,P0011,Groceries,North,104.34
2024-01-29,S005,P0011,Groceries,North,113.15
2024-02-05,S005,P0011,Groceries,North,101.0
2024-02-12,S005,P0011,Groceries,North,103.87
2024-02-19,S005,P0011,Groceries,North,144.37
2024-02-26,S005,P0011,Groceries,North,104.59
2024-01-08,S005,P0012,Electronics,North,95.65
2024-01-15,S005,P0012,Electronics,North,97.59
2024-01-22,S005,P0012,Electronics,North,103.42
2024-01-29,S005,P0012,Electronics,North,103.71
2024-02-05,S005,P0012,Electronics,North,113.72
2024-02-12,S005,P0012,Electronics,North,138.46
2024-02-19,S005,P0012,Electronics,North,133.88
2024-02-26,S005,P0012,Electronics,North,133.27
2024-01-08,S005,P0013,Electronics,West,200.82
2024-01-15,S005,P0013,Electronics,West,210.04
2024-01-22,S005,P0013,Electronics,West,193.02
2024-01-29,S005,P0013,Electronics,West,177.83
2024-02-05,S005,P0013,Electronics,West,181.99
2024-02-12,S005,P0013,Electronics,West,174.89
2024-02-19,S005,P0013,Electronics,West,195.65
2024-02-26,S005,P0013,Electronics,West,197.06
2024-01-08,S005,P0014,Toys,West,160.78
2024-01-15,S005,P0014,Toys,West,160.49
2024-01-22,S005,P0014,Toys,West,168.04
2024-01-29,S005,P0014,Toys,West,167.61
2024-02-05,S005,P0014,Toys,West,147.99
2024-02-12,S005,P0014,Toys,West,153.73
2024-02-19,S005,P0014,Toys,West,164.68
2024-02-26,S005,P0014,Toys,West,157.61
2024-01-08,S005,P0015,Furniture,North,161.37
2024-01-15,S005,P0015,Furniture,North,157.05
2024-01-22,S005,P0015,Furniture,North,150.9
2024-01-29,S005,P0015,Furniture,North,145.33
2024-02-05,S005,P0015,Furniture,North,154.18
2024-02-12,S005,P0015,Furniture,North,157.22
2024-02-19,S005,P0015,Furniture,North,159.38
2024-02-26,S005,P0015,Furniture,North,155.37
2024-01-08,S005,P0016,Furniture,East,185.19
2024-01-15,S005,P0016,Furniture,East,156.42
2024-01-22,S005,P0016,Furniture,East,145.55
2024-01-29,S005,P0016,Furniture,East,153.57
2024-02-05,S005,P0016,Furniture,East,173.8
2024-02-12,S005,P0016,Furniture,East,202.55
2024-02-19,S005,P0016,Furniture,East,149.43
2024-02-26,S005,P0016,Furniture,East,122.85
2024-01-08,S005,P0017,Toys,North,192.4
2024-01-15,S005,P0017,Toys,North,183.0
2024-01-22,S005,P0017,Toys,North,159.68
2024-01-29,S005,P0017,Toys,North,181.19
2024-02-05,S005,P0017,Toys,North,184.29
2024-02-12,S005,P0017,Toys,North,172.12
2024-02-19,S005,P0017,Toys,North,184.96
2024-02-26,S005,P0017,Toys,North,188.53
2024-01-08,S005,P0018,Clothing,West,118.83
2024-01-15,S005,P0018,Clothing,West,121.21
2024-01-22,S005,P0018,Clothing,West,139.0
2024-01-29,S005,P0018,Clothing,West,122.0
2024-02-05,S005,P0018,Clothing,West,125.86
2024-02-12,S005,P0018,Clothing,West,125.4
2024-02-19,S005,P0018,Clothing,West,150.18
2024-02-26,S005,P0018,Clothing,West,122.07
2024-01-08,S005,P0019,Toys,East,184.0
2024-01-15,S005,P0019,Toys,East,202.18
2024-01-22,S005,P0019,Toys,East,198.82
2024-01-29,S005,P0019,Toys,East,191.77
2024-02-05,S005,P0019,Toys,East,193.06
2024-02-12,S005,P0019,Toys,East,200.03
2024-02-19,S005,P0019,Toys,East,197.07
2024-02-26,S005,P0019,Toys,East,191.31
2024-01-08,S005,P0020,Groceries,East,123.11
2024-01-15,S005,P0020,Groceries,East,119.22
2024-01-22,S005,P0020,Groceries,East,97.9
2024-01-29,S005,P0020,Groceries,East,103.44
2024-02-05,S005,P0020,Groceries,East,122.69
2024-02-12,S005,P0020,Groceries,East,106.42
2024-02-19,S005,P0020,Groceries,East,103.21
2024-02-26,S005,P0020,Groceries,East,100.09
